File1 Word Count,File2 Word Count,Response Word Count,Execution Time,Rating
7,7,98,0.3680140972137451,5
1107,535,546,29.70595407485962,5
