File1 Word Count,File2 Word Count,Response Word Count,Execution Time,Rating
7,7,98,0.3680140972137451,5
1107,535,546,29.70595407485962,5
503,208,324,12.837464832,3
17,71,198,6.3680140972137451,4
1121,335,236,18.70595407485962,5
202,376,242,23.837464832,4
